ID,averageRating,numVotes
tt0035235,7,107
tt0060361,6.5,6
tt0069049,6.7,7605
tt0100275,6.5,343
tt0110152,6.7,78
tt0111596,8.1,63
tt0112502,4.6,41
tt0130071,7.5,13
tt0137204,8.6,291
tt0137818,4.8,35
tt0176934,6.1,135
tt0182285,3.8,16
tt0185478,5.8,73
tt0192528,4,122
tt0194207,9,18
tt0199217,4.2,122
tt0224204,6.6,75
tt0230873,7.3,40
tt0231955,6.9,15
tt0252296,6.9,414
tt0252316,9,68
tt0254173,7.2,18
tt0256732,5.3,605
tt0270011,4.7,38
tt0271577,5.8,6
tt0276568,6.6,13
tt0280468,5.6,8
tt0283440,7.3,17
tt0295481,6.2,167
tt0297400,7,104
tt0303570,6.9,24
tt0305811,8.2,145
tt0308078,6.2,15
tt0308256,6,56
tt0315642,7.1,19397
tt0328810,7.9,93
tt0331314,4.8,408
tt0337926,6,729
tt0339736,5.6,3650
tt0346045,6.6,54
tt0346102,4.6,27
tt0357159,5.6,92
tt0359111,6,113
tt0359113,5.9,119
tt0359114,6.1,121
tt0360556,4.9,21147
tt0364201,7.3,29
tt0365545,6.4,9469
tt0369610,6.9,651845
tt0376479,6.1,17385
tt0380870,8.2,81
tt0383158,7.5,69
tt0392988,5.6,35
tt0400059,4.5,36
tt0404771,6.2,7
tt0420097,6.7,11
tt0420293,6.8,44249
tt0427543,6.2,3619
tt0443533,6.3,1469
tt0449571,5.7,103
tt0451201,2.7,239
tt0451279,7.4,668086
tt0460890,6.3,15696
tt0461165,6,10
tt0462335,5.5,43609
tt0470936,4.2,70
tt0475290,6.3,137904
tt0475784,8.5,512322
tt0478970,7.3,684224
tt0490215,7.1,115609
tt0491175,5.8,45480
tt0491203,6.2,21838
tt0493076,5.4,2918
tt0493405,6,49162
tt0498381,4.5,41628
tt0526026,1.7,152
tt0564465,7.9,14
tt0658096,6.2,8
tt0658097,7.1,9
tt0658106,6,43
tt0658114,6,42
tt0658117,4.8,7
tt0658124,7.6,47
tt0658125,6.4,7
tt0658126,6.5,46
tt0703023,8.3,794
tt0775440,4.4,28837
tt0787524,7.2,58919
tt0790770,6.4,10263
tt0800296,7.6,45
tt0802972,6.5,39
tt0803096,6.7,268355
tt0810001,6.4,228
tt0810819,7.1,190443
tt0821486,6.4,36
tt0825283,3.6,4602
tt0825334,8.4,70
tt0835802,5.5,1599
tt0837156,6.1,8343
tt0838194,7.9,20
tt0848554,3.7,935
tt0850247,6.9,19
tt0850678,6.9,21
tt0859635,6,27220
tt0862930,6.7,486
tt0874268,7.5,51
tt0884732,6.6,77377
tt0906327,7.1,20
tt0914376,7.3,6195
tt0918520,7.5,16
tt0918940,6.2,180158
tt0932667,5,167
tt0937104,5.5,11
tt0937225,5.3,32
tt0960140,8,3630
tt0972544,6.4,5146
tt0974015,6.1,459381
tt0977643,5.4,12
tt0984074,7.3,23
tt0995868,7.1,19618
tt10002412,7.1,8
tt10003202,8.6,9
tt10003250,8.3,9
tt10003302,8.2,9
tt10003480,1.6,30
tt10003494,1,15
tt10003848,1.9,29
tt10004066,6.7,46
tt10004118,6,15
tt10004396,4.8,56
tt10004466,7.3,43
tt10004888,6,7
tt10005044,9,5
tt10005130,7,13
tt10005160,8.1,10
tt10005184,7.5,54
tt10005204,5.7,31
tt10005688,8.4,5
tt10005844,7.4,7
tt10006056,6.2,27
tt10006274,8,11
tt10006668,7.5,10
tt10007170,9.4,6
tt10007980,6.8,6
tt10008924,8.2,6
tt10009422,4.6,47
tt10009596,7.9,37
tt10009602,7.2,20
tt10010330,6.9,25
tt10010772,8.8,31
tt10010814,7.1,116
tt10010906,8.9,33
tt10010924,5.7,11
tt10011146,7.7,7
tt10011176,6.6,13
tt10011220,6.8,9
tt10011238,7.4,5
tt10011680,7,6
tt10011852,7,29
tt10012128,7.2,13
tt10012542,6.5,31
tt10012572,7.9,8
tt10012622,8.4,8
tt10012674,8.7,7
tt10012682,7.7,7
tt10013176,6.3,13
tt10013634,7.9,12
tt10014308,8.4,31
tt10014340,7.8,20
tt10014342,8.2,17
tt10014344,8,17
tt10014346,7.6,18
tt10014348,7.6,17
tt10014350,8.2,20
tt10014624,8.9,36
tt10014878,5.9,39
tt10014886,9.5,34
tt10014890,8.4,10
tt10014904,6.1,25
tt10015246,7.5,98
tt10015294,7,179
tt10015900,6.1,17
tt10016142,8.4,12
tt10016342,7,52
tt10016348,6.5,23
tt10016428,5.5,28
tt10016450,6.1,15
tt10016548,6.8,6
tt10016580,6.8,23
tt10016692,8.2,9
tt10016702,9.2,7
tt10017450,8,6
tt10017460,4.6,16
tt10017502,6.2,6
tt10021050,7.7,7
tt10021580,6.8,6
tt10021622,7.2,59
tt10021748,6.7,13
tt10021804,6.1,11
tt10022066,4.2,23
tt10022090,7.8,19
tt10022158,7.4,325
tt10022684,8,9
tt10022870,8.5,14
tt10023066,6.8,7
tt10023072,6.8,6
tt10023126,8,6
tt10023206,6.3,11
tt10023224,7.2,12
tt10023456,9.3,55
tt10024510,9.4,7
tt10025230,7.8,9
tt10025350,9,6
tt1002563,5.7,3730
tt10025690,6.6,9
tt10025972,8.4,5
tt10026552,6.4,5
tt10026686,7.7,73
tt10026800,9.1,10
tt10026844,6.8,96
tt10027178,7.8,6
tt10027488,7.3,19
tt10027894,7.6,11
tt10027956,7.9,30
tt10028030,4.8,6
tt10028036,7,16
tt10028118,7.2,16
tt10028158,8.2,7
tt10028256,7.5,13
tt10028260,7.2,13
tt10028262,7.8,14
tt10028266,7.4,13
tt10028532,8.2,26
tt10028546,7.9,25
tt10028594,8,6
tt10029120,6.6,6
tt10029128,7,6
tt10029274,7.1,9
tt10029440,7.2,7
tt10029450,8.2,7
tt10029670,7.6,301
tt10031482,7,6
tt10031484,7,6
tt10031488,7.2,7
tt10031492,6.8,6
tt10031496,7.3,7
tt10031504,6.8,6
tt10031510,6.8,6
tt10031512,6.8,6
tt10031514,6.6,6
tt10032394,6.9,21
tt10032530,5.4,6
tt10033338,6.8,15
tt10033654,8,13
tt10033744,6.6,8
tt10033838,9.1,7
tt10033852,8.3,18
tt10033904,7.4,5
tt10033934,7.2,9
tt10034168,8.3,35
tt10034236,7.4,29
tt10034256,5.7,6
tt10034468,8.3,15
tt10034472,8.5,15
tt10034474,8.2,11
tt10034476,8.6,12
tt10034480,7.8,11
tt10034482,8.2,13
tt10034486,7.9,11
tt10034490,8,9
tt10034496,8,11
tt10034498,8.4,10
tt10034500,8,10
tt10034598,8.1,50
tt10034744,6.8,6
tt10034750,6.8,6
tt10035046,5.6,11
tt10035050,6.6,5
tt10035074,7.4,11
tt10036240,7.6,14
tt10036276,10,5
tt10036824,7.4,14
tt10036830,7.6,16
tt10036840,6,5
tt10036886,8.2,53
tt10036900,6.6,22
tt10036972,7.8,9
tt10037006,8,9
tt10037030,8.7,10
tt10037052,7.6,6
tt10037066,7.1,8
tt10037190,6.4,5
tt10037872,6.5,17
tt10038424,6.5,15
tt10038434,5.6,8
tt10038438,5.6,7
tt10038462,5.6,7
tt10038464,5.2,6
tt10038470,5.6,5
tt10038472,5.6,5
tt10038474,5.6,5
tt10038478,5.4,5
tt10038480,5.6,5
tt10038484,5.6,5
tt10038488,5.6,5
tt10038490,5.8,5
tt10038492,5.8,5
tt10038494,5.6,5
tt10038496,5.4,5
tt10038500,5.6,5
tt10038502,5.8,5
tt10038504,5.6,5
tt10038506,6,6
tt10038510,5.6,5
tt10038512,5.8,5
tt10038514,5.4,5
tt10038516,5.4,5
tt10039408,7.3,6
tt10039418,6.4,18
tt10039472,8.9,10
tt10040220,4.4,27
tt10040306,7.4,10
tt10040316,8.9,30
tt10041332,5.8,12
tt10041404,7.8,41
tt10041718,9.2,77
tt10042774,6.7,10
tt10042914,7.1,8
tt10042924,6.4,5
tt10043436,7.9,40
tt10043452,8.2,55
tt10043732,5.9,40
tt10043990,5.6,16
tt10044166,7.4,24
tt10044448,6.8,377
tt10044622,7,10
tt10044790,8.8,9
tt10045014,5.4,10
tt10045134,4.8,10
tt10047072,8.7,7
tt10047128,6.4,5
tt10047356,5.3,15
tt10047710,7.5,11
tt10047724,8,11
tt10047728,7.1,10
tt10047732,7.7,9
tt10047742,7.7,6
tt10047746,9,8
tt10047828,8.1,55
tt10047888,8.1,49
tt10047898,8.2,46
tt10048660,6.3,284
tt10049238,7.1,39
tt10049536,7.3,16
tt10049704,8.8,8
tt10049774,4.2,10
tt10050182,9.2,6
tt10050284,5.8,9
tt10050650,3.4,9
tt10050716,8.7,8
tt10050722,7,20
tt10050762,7.2,8
tt10050808,4.2,10
tt10051414,8,26
tt10051598,6.6,29
tt10052166,8.4,5
tt10052610,2.6,11
tt10052896,8.7,18
tt10052944,6.3,43
tt10053020,7,5
tt10054406,7.1,11
tt10054414,6.4,17
tt10054574,7,12
tt10054612,6.7,7
tt10054678,6,6
tt10054870,9.1,20
tt10055028,7.4,1161
tt10055068,8,7
tt10055166,7.6,14
tt10055176,8.8,5
tt10055722,8.6,22
tt10055764,5,56
tt10056028,5.8,12
tt10056274,6.7,12
tt10057964,7.6,14
tt10058076,5.9,10
tt10058686,10,6
tt10058692,6.8,16
tt10058722,7.5,12
tt10058878,6.2,139
tt10058952,6.8,99
tt10058970,4.7,16
tt10059006,7,6
tt10059014,8.2,13
tt10059030,6.2,8
tt10059168,7.8,60
tt10059174,8,55
tt10059188,8.2,56
tt10059192,7.9,54
tt10059200,8,53
tt10059208,8.1,55
tt10059214,8.3,55
tt10059226,6.4,5
tt10059230,5.9,52
tt10059624,6.3,52
tt10059648,7.3,9
tt10061802,7.8,6
tt10062150,8.1,147
tt10062204,7.8,11
tt10062286,5.9,31
tt10062526,8.7,34
tt10062566,1.4,5
tt10063886,6.5,56
tt10063910,9.8,5
tt10064272,9.2,7
tt10064474,7.8,51
tt10064534,7.2,9
tt10064804,6.9,16
tt10064830,6.4,16
tt10064846,7.9,16
tt10064870,6.7,15
tt10064882,6.8,15
tt10064888,6.3,13
tt10065228,5.6,12
tt10065356,1.8,38
tt10066026,7.4,225
tt10066160,6.6,21
tt10066406,8.4,115
tt10066692,7.2,18
tt10066696,7.5,16
tt10066700,7.6,17
tt10068446,8.3,10
tt10068734,8.5,15
tt10069148,8.7,23
tt10069172,9.2,6
tt10069264,8,5
tt10069270,9.3,8
tt10069274,8.2,5
tt10069372,8.7,11
tt10069810,6.2,10
tt10069812,9.2,7
tt10071238,5.4,133
tt10071242,8,40
tt10071592,6.4,13
tt10071712,6.9,43
tt10072844,5.5,12
tt10072948,5.3,14
tt10072988,5.5,117
tt10073442,6.7,14
tt10073494,4,11
tt10073504,3,10
tt10073910,8.5,116
tt10073924,6,6
tt10073936,6.6,8
tt10074248,5.8,24
tt10074422,7.8,12
tt10074568,7.8,5
tt10074930,9,806
tt10074932,8.8,675
tt10075070,6.1,66
tt10075604,5.5,47
tt10075798,8.1,8
tt10075968,6.6,6
tt10075974,6.8,6
tt10077090,6.8,8
tt10077134,6,7
tt10077430,9.4,41
tt10078138,5.9,14
tt10078502,7.2,376
tt10078676,5.3,6
tt10078764,4.5,22
tt10078838,9.6,23
tt10078884,8.7,11
tt10078900,5.9,10
tt10078978,8.2,5
tt10079030,7.2,5
tt10079276,7.5,11
tt10079316,7.3,8
tt10079398,7.1,9
tt10079454,4.3,41
tt10079670,7,11
tt10079698,5,115
tt10079788,4.6,5
tt10079800,1.6,9
tt10080272,7.8,7
tt10080280,8.2,8
tt10080290,7.8,7
tt10080326,8.4,7
tt10080334,8.2,7
tt10080346,8.6,7
tt10080352,7.8,7
tt10080834,5,11
tt10081710,8.9,12
tt10083260,8.8,30
tt10084676,9.4,94
tt10084752,7.9,41
tt10085240,7.5,12
tt10085424,9.8,8
tt10085844,7.2,6
tt10086750,5.7,17
tt10086966,5.2,5
tt10087396,6.8,12
tt10087538,8.1,21
tt10087580,7.2,52
tt10087604,5.5,28
tt10087616,7,49
tt10087704,7.6,16
tt10089084,9.2,13
tt10089266,7.2,10
tt10089828,5,10
tt10089942,7.6,8
tt10090544,6.2,10
tt10090896,6.2,5
tt10090958,2.8,57
tt10091222,7.3,27
tt10091698,9.4,40
tt10091716,5.6,19
tt10091908,8.4,54
tt10092508,5.4,12
tt10092728,9.2,15
tt10092924,8.4,10
tt10093414,6.6,9
tt10094390,6.5,7
tt10094412,7,6
tt10094416,7.2,6
tt10094420,7.2,6
tt10094426,7,6
tt10095268,7.4,68
tt10095322,3.1,9
tt10095580,2.6,7
tt10095758,2.6,7
tt10095784,2.4,7
tt10095796,3.1,7
tt10095806,3.3,7
tt10096218,7.8,6
tt10096252,9.4,6
tt10097194,8.9,21
tt10097566,7.4,12
tt10097572,4.4,8
tt10097574,4.2,8
tt10097578,4.2,8
tt10097580,4.6,8
tt10097584,3.9,9
tt10097654,6.7,15
tt10097924,8.7,6
tt10097934,6.9,7
tt10097952,9,97
tt10097954,8.3,8
tt10097970,7.8,16
tt10097982,7.6,7
tt10097988,7.7,6
tt10097992,7.5,6
tt10097994,7.2,5
tt10098006,7.4,5
tt10098012,7.8,6
tt10098016,7.4,5
tt10098026,7.6,5
tt10098112,7.4,43
tt10098336,7.8,17
tt10098852,6.8,6
tt10099546,7.2,5
tt10100570,7.1,22
tt10100604,7.4,15
tt10100616,7.4,15
tt10100652,7.3,14
tt10100680,7.5,14
tt10100728,7.8,14
tt10100752,8.1,14
tt10100780,6.1,9
tt10100784,7.8,13
tt10100806,7.8,13
tt10100878,8.4,13
tt10100932,7.9,14
tt10100986,8.5,14
tt10100994,5.3,83
tt10101036,9,6
tt10101068,7.4,5
tt10101624,8,11
tt10101686,8.2,13
tt10101816,4.5,6
tt10101930,6.1,9
tt10101932,2.7,7
tt10101948,3.8,58
tt10102068,6.7,7
tt10102164,6.7,18
tt10102174,9.2,6
tt10102250,6.4,7
tt10102274,5.4,87
tt10102296,9.1,19
tt10102352,7.8,16
tt10102376,6,19
tt10102408,4.1,12
tt1010248,5.8,103
tt10102488,9.1,12
tt10102544,8.2,15
tt10102558,8.8,13
tt10102930,3.3,56
tt10102954,7.2,5
tt10102970,7.3,28
tt10103882,5.8,11
tt10104066,5.9,8
tt10104556,6.8,20
tt10105262,7.7,13
tt10105438,6.3,26
tt10105558,6.8,14
tt10105588,7.6,5
tt10105618,6.6,5
tt10105626,7.8,5
tt10105632,6.6,5
tt10105648,7,6
tt10105658,7,6
tt10105664,6.2,5
tt10105692,6.2,5
tt10105718,7.8,5
tt10105730,7.2,5
tt10105832,8.2,13
tt10105878,5.1,8
tt10106392,6.6,11
tt10106694,8.1,17
tt10106700,7.9,16
tt10106710,6.6,5
tt10106728,7.9,17
tt10106730,4,6
tt10106822,8.3,75
tt10106838,5.4,10
tt10106848,7.6,54
tt10106976,8.1,18
tt10106982,8.1,16
tt10106992,8.1,16
tt10107008,8,16
tt10107012,7.7,14
tt10107030,8.1,15
tt10107062,8.2,15
tt10107080,8.1,15
tt10107088,8,15
tt10107090,8.2,15
tt10107102,8,15
tt10107118,8.3,15
tt10107134,7.9,15
tt10107206,7.6,14
tt10107208,7.2,5
tt10107482,2.1,30
tt10107884,5.6,15
tt10108068,6.1,9
tt10108262,5.8,6
tt10109714,5,17
tt10109726,1.8,14
tt10109746,1.8,13
tt10109786,4.2,9
tt10109802,5.2,6
tt10109806,5.9,7
tt10109812,5,8
tt10109876,7.2,9
tt10109932,7.7,7
tt10109970,7.8,23
tt10110028,6.6,43
tt10110040,7.1,46
tt10110044,7,47
tt10110052,6.6,45
tt10110060,6.8,47
tt10110074,6.8,74
tt10110314,7.8,9
tt10111222,5.5,9
tt10111258,7.1,8
tt10111270,8.7,12
tt10111576,7.4,6
tt10112128,7.5,20
tt10112178,7.3,13
tt10112464,5.1,44
tt10114006,6.5,18
tt10115372,3.7,18
tt10115852,7.6,17
tt10115958,6.6,10
tt10116494,6.7,15
tt10116498,6.7,14
tt10116504,6.6,14
tt10116506,6.3,13
tt10116562,5.6,15
tt10116578,9.8,1796
tt10117046,7.1,33
tt10117396,6.1,8
tt10117520,9.2,7
tt10117704,8.2,5
tt10118134,5.4,31
tt10118294,5.2,27
tt10119096,7.3,13
tt10119552,7.7,9
tt10119726,8.4,7
tt10120130,9.1,7
tt10120734,4.4,169
tt10120950,7.6,8
tt10121742,5.9,12
tt10121784,7.9,34
tt10121880,6.9,8
tt10122210,5.4,6
tt10122366,7.7,319
tt10122614,7.4,6
tt10122670,4.1,43
tt10122710,3.3,195
tt10123950,9.1,17
tt10125268,4.9,73
tt10125304,8.9,17
tt10125384,6.2,7
tt10125414,7.4,11
tt10125440,6.8,11
tt10125714,8.8,5
tt10125986,3.7,177
tt10126036,5.8,30
tt10126744,9.8,5
tt10126766,6.4,17
tt10126842,4.9,11
tt10127172,7.6,8
tt10127270,6.3,55
tt10127374,6,5
tt10127402,4,8
tt10127430,3.7,15
tt10127582,7,8
tt10127628,6.1,76
tt10127702,8.4,16
tt10127740,9,24
tt10127754,5.5,36
tt10127968,9,5
tt10128042,9.1,23
tt10128078,7.5,6
tt10128098,2,162
tt10128100,5.5,25
tt10128118,8.8,43
tt10128152,4.3,79
tt10128498,9.4,6
tt10128580,7.1,21
tt10128714,8.2,6
tt10128918,8.9,31
tt10129542,6.5,44
tt10129824,6.6,8
tt10130054,8.3,8
tt10130942,9.1,13
tt10130970,7.2,17
tt10131256,7.3,106
tt10131268,6.4,35
tt10131904,5,82
tt10132312,8.3,10
tt10132316,9.2,6
tt10133316,9,7
tt10133382,7.2,133
tt10133392,7.2,124
tt10133404,7.2,121
tt10133406,7.3,116
tt10133414,7.9,142
tt10133684,8.7,27
tt10133988,6.5,40
tt10134744,7.4,55
tt10134750,4.7,13
tt10135624,7.1,91
tt10136218,7.6,7
tt10136326,7.7,26
tt10137016,7.3,38
tt10137024,6.8,5
tt10140138,3.5,59
tt10140180,8.6,5
tt10140430,7.6,11
tt10140532,4.8,20
tt10140580,7.4,5
tt10140592,7.5,10
tt10140608,7.2,6
tt10140648,7.6,34
tt10140656,7.3,61
tt10141864,7.4,5
tt10141870,7.8,5
tt10141880,7.6,5
tt10141884,8,5
tt10141886,8.2,5
tt10141888,8,5
tt10142606,8.8,20
tt10143072,9.7,9
tt10143138,7.2,6
tt10143140,7.4,6
tt10143156,7,6
tt10143168,6.8,7
tt10143192,6.8,6
tt10143204,7.2,6
tt10143206,7.2,6
tt10143214,7,6
tt10143238,7,6
tt10143258,7,6
tt10143270,7.2,6
tt10143506,5.6,8
tt10143702,7.1,9
tt10143726,6.5,8
tt10143740,7.4,9
tt10143986,6.8,14
tt10144216,8.4,6
tt10144436,8.7,6
tt10144880,7.8,5
tt10145322,5.9,33
tt10146194,7.6,20
tt10146368,7.7,14
tt10146432,6.9,23
tt10146586,5.1,9
tt10147194,6.6,6
tt10147284,4,6
tt10147320,5.7,24
tt1014763,6.4,72547
tt10147668,3.7,37
tt10149268,6.6,10
tt10149582,9.1,18
tt10150584,7.2,19
tt10151230,6.1,11
tt10151496,8,22
tt10151558,7.2,9
tt10151682,9.5,6
tt10151800,6,6
tt10151988,7.7,24
tt10152202,9.3,13
tt10153446,7.3,11
tt10153514,6.9,90
tt10153626,5,8
tt10153730,6.4,14
tt10155136,3.2,8
tt10155790,5.8,12
tt10155876,5.4,40
tt10156482,7.3,8
tt10156578,7.5,29
tt10156916,7,10
tt10157124,7.8,8
tt10157142,7.3,8
tt10157452,8.8,25
tt10157510,7.3,21
tt10157514,7.4,19
tt10157516,7.6,20
tt10157584,8.7,29
tt10157588,7.9,7
tt10157592,9.1,8
tt10157596,2.3,53
tt10157638,4.8,16
tt10157642,7.9,11
tt10157722,7.2,5
tt10159090,6.8,9
tt10159790,7.7,6
tt10159922,6.8,7
tt10160132,8.9,17
tt10160566,5.6,5
tt10160626,5.8,16
tt10160630,2.8,27
tt10160686,7.8,17
tt10160700,8.4,68
tt10160730,7.2,6
tt10160782,7.6,36
tt10160988,6.8,15
tt10161346,6.8,6
tt10161390,6.1,8
tt10161434,5.5,15
tt10161492,7.8,6
tt10161644,8,10
tt10161670,7.4,12
tt10161794,4.1,55
tt10161888,6.4,6
tt10162322,3.7,14
tt10162506,9.5,8
tt10162626,7.2,15
tt10162630,9.2,54
tt10162638,3.2,9
tt10162920,4.8,5
tt10162964,3.6,18
tt10163040,7.8,25
tt10163050,7.2,10
tt10163100,8.5,6
tt10163170,4,24
tt10163216,8.7,6
tt10163226,10,5
tt10163380,8.4,44
tt10165168,7.2,50
tt10165214,7.2,9
tt10165744,6.9,10
tt10166610,8.2,7
tt10166630,7.4,225
tt10166704,7,5
tt10166750,4.9,10
tt10166868,7.4,11
tt10167146,9.6,18
tt10167344,8.1,8
tt10167656,8.3,28
tt10169440,8.1,10
tt10169754,6.8,49
tt10170038,5.7,28
tt10170106,6,12
tt10170810,7.2,60
tt10171008,7.1,8
tt10171520,7.9,8
tt10171550,6.1,10
tt10172102,5.9,62
tt10172250,6.9,9
tt10172256,8,8
tt10172262,5.3,11
tt10172342,7.6,7
tt10172410,8.2,8
tt10172432,7.6,7
tt10172450,7.6,6
tt10172534,8.2,6
tt10172542,7.8,6
tt10172554,8,6
tt10172578,7.6,5
tt10172582,8.2,5
tt10172614,7.8,5
tt10172666,7.8,6
tt10172676,8.8,6
tt10172686,7.4,6
tt10172882,7.9,8
tt10173056,7.6,81
tt10173156,7.2,6
tt10173166,6.8,6
tt10173168,6.8,5
tt10173578,4.3,7
tt10176236,9.4,6
tt10176328,9.9,8
tt10176834,1.8,17
tt10176864,7.8,9
tt10177486,5.8,70
tt10177532,6.6,156
tt10177676,6.5,8
tt10177678,6.4,8
tt10177680,6.2,8
tt10177682,6.2,8
tt10177684,6.5,8
tt10177692,6.1,8
tt10177694,5,8
tt10177696,6.4,8
tt10177698,5.4,8
tt10177702,4.9,8
tt10177706,4.4,8
tt10177724,9.5,57
tt10177768,9.7,11
tt10177786,9.6,11
tt10177798,9.4,50
tt10177960,9.5,10
tt10177992,6.7,9
tt10178058,4,10
tt10178130,7.2,9
tt10178154,8.1,158
tt10178170,5.5,8
tt10178280,6.5,16
tt10178422,8.8,9
tt10178840,8.4,19
tt10178906,4,6
tt10178972,5.1,31
tt10181702,6.3,10
tt10182080,8.3,9
tt10182320,7,8
tt10182394,9.8,5
tt10182504,5.4,13
tt10182612,5.2,6
tt10182822,6.7,6423
tt10183604,7.3,6
tt10184008,7.8,178
tt10184130,7.3,9
tt10185604,5.8,19
tt10186290,8.7,12
tt10186780,7.4,6
tt1018728,7.3,463
tt1018765,6.1,22747
tt10187678,8,6
tt10187770,2.7,16
tt10188148,4.4,10
tt10188152,3,93
tt10188166,8.5,47
tt10188464,4.8,6
tt10189332,8.7,6
tt10189346,6,72
tt10189448,5.8,20
tt10189508,5.3,19
tt10189516,7,6
tt10189534,7.8,12
tt10189740,3.1,10
tt10189762,7.8,14
tt10190372,3.1,9
tt10190514,5.8,12
tt10191548,8.2,14
tt10192466,5.9,11
tt10192502,8.4,6
tt10192640,5.3,169
tt10192830,8.7,14
tt10193082,7.4,82
tt10194938,7.5,7
tt10195206,4.4,75
tt10195328,7.6,9
tt10195388,7,6
tt10195612,7.3,142
tt10195636,7.8,28
tt10195662,6.6,6
tt10195668,6.6,5
tt10195670,6.6,5
tt10195674,6.6,5
tt10195676,6.6,5
tt10195678,6.6,5
tt10195682,6.6,5
tt10195684,6.6,5
tt10195686,6.6,5
tt10195732,4,6
tt10195752,7,7
tt10195790,5.4,6
tt10195794,5.4,6
tt10195796,5.4,6
tt10195798,5.4,6
tt10195800,5.4,6
tt10195804,5.4,6
tt10195806,6.2,7
tt10195810,5.4,6
tt10195812,6.4,8
tt10195818,5.2,6
tt10195868,6.7,7
tt10195884,6.5,10
tt10195894,6.5,10
tt10195914,7.7,7
tt10196152,6.6,78
tt10196334,8.4,5
tt10196566,7.9,13
tt10196588,8.3,16
tt10197354,8.4,407
tt10197506,7.6,21
tt10198214,9.1,15
tt10198252,6.8,5
tt10198270,7.1,17
tt10198616,8.1,9
tt10198732,7.2,16
tt10198952,5.7,17
tt10199366,9.2,8
tt10199890,8.4,14
tt10201274,1.9,7
tt10201938,6.8,28
tt10202186,7.1,133
tt10202268,8,36
tt10203276,6.7,6
tt10203480,5.3,18
tt10204020,6.6,7
tt10204288,2.8,22
tt10204300,5.6,31
tt10204304,7.5,43
tt10204656,7.3,8
tt10204946,8.7,11
tt10206350,9,6
tt10206488,5.4,14
tt10206890,8.6,11
tt10207522,5.7,7
tt10207850,4.8,425
tt10207992,8.6,9
tt10207996,8.8,9
tt10207998,7.7,7
tt10208000,8.3,9
tt10208002,7.8,5
tt10208006,8.2,6
tt10208012,8.3,6
tt10208020,8.8,5
tt10208022,9,5
tt10208026,8.4,5
tt10208032,9.3,6
tt10208038,8.4,5
tt10208070,8.6,5
tt10208134,8.3,6
tt10208206,8.4,5
tt10208222,8.6,5
tt10208232,8.2,5
tt10208236,9.2,6
tt10208462,7.6,30
tt10208550,9.4,77
tt10209130,7.9,54
tt10209930,8.1,19
tt10209962,6.4,8
tt10210252,7.2,35
tt10210668,6,6
tt10211804,9.3,45
tt10213364,8.8,5
tt10213366,7,5
tt10214178,8,6
tt10214908,2.9,12
tt10215032,7,33
tt10215332,6.7,22
tt10215360,6.5,21
tt10217058,9.4,11
tt10217346,7.4,5
tt10217802,8,42
tt10217930,6.7,51
tt10217950,8.7,59
tt10218024,7.2,27
tt10218058,6.6,19
tt10218152,7.7,7
tt10218886,6.1,79
tt10218956,5.9,10
tt10219112,5.7,161
tt10219342,6.5,14
tt10219442,8.8,328
tt10219512,5,16
tt10219850,7.4,14
tt10219906,6.2,10
tt10222594,1.9,28
tt10223052,7.8,207
tt10223226,5.4,20
tt10223940,8,7
tt10224344,8.8,9
tt10224588,9.2,9
tt10224600,8.9,8
tt10224620,8.3,8
tt10224632,8.6,8
tt10224656,9.1,8
tt10224670,8.7,7
tt10224686,9.4,11
tt10225098,8.9,9
tt10226952,8.6,13
tt10227932,6.9,7
tt10228120,5.4,10
tt10228564,4.5,41
tt10228644,7.1,13
tt1022871,4.9,13
tt10228826,6.3,7
tt10228930,7.9,7
tt10229006,5.4,12
tt10229030,6.7,7
tt10229922,8.6,9
tt10230040,9.9,9
tt10230042,5.3,11
tt10230100,8.7,24
tt10230174,6.4,10
tt10230328,6.4,14
tt10231358,3.2,150
tt10231478,7.1,19
tt10231754,8.5,9
tt10232496,2.4,98
tt10233158,8.8,8
tt10233340,8.7,7
tt10233354,4.2,33
tt10233454,7.3,8
tt10233502,6.7,26
tt10233504,6.5,21
tt10233650,6.4,27
tt10233654,6.3,28
tt10233660,6.5,29
tt10233664,6.3,28
tt10233668,6.3,28
tt10234208,4.8,95
tt10234210,8,28
tt10234500,7.1,55
tt10234636,6.3,37
tt10234674,9,19
tt10234922,5.9,56
tt10235146,5.2,46
tt10235674,8,16
tt10235710,6.1,19
tt10235786,6.4,21
tt10235926,9.3,138
tt10236090,6.1,9
tt10237652,7.5,12
tt10238842,8.8,7
tt10239436,7.7,7
tt10239940,4.8,8
tt10240056,5.6,136
tt10240496,8.3,30
tt10240522,6.5,87
tt10240550,8.2,8
tt10240718,8,6
tt10240724,8.8,6
tt10240752,5.2,25
tt10241216,5.8,15
tt10241260,5.5,11
tt10241262,5.9,10
tt10241266,5.1,8
tt10241686,7.5,28
tt10241992,2.6,89
tt10243322,9.2,5
tt10244140,7,756
tt10244188,7,9
tt10244524,6.1,12
tt10244764,5.9,12
tt10244778,5.7,6
tt10244976,8.9,14
tt10244984,9.3,11
tt10244986,9.1,13
tt10244990,9.1,13
tt10244996,8.3,10
tt10244998,9.6,14
tt10245004,8.7,13
tt10245008,9.3,11
tt10245010,8.6,15
tt10245014,9.2,11
tt10245080,8.7,6
tt10245818,5.3,18
tt10245982,6.1,36
tt10246048,7.6,11
tt1024855,5.1,1222
tt10248788,9,24
tt10249446,8,7
tt10249448,4.8,5
tt10249496,8.8,11
tt10249586,8.1,15
tt10249664,5,5
tt10249772,7,7
tt10249802,6.6,7
tt10250826,6.2,5
tt10250856,3.2,76
tt10250996,6.6,5
tt10251136,6.2,6
tt10251178,4.8,7
tt10251192,5.9,10
tt10251220,5.7,9
tt10252064,3.4,8
tt10253454,7.2,5
tt10254168,4.2,15
tt10254450,5.2,25
tt10254710,4.8,6
tt10254896,6.3,13
tt10254906,7.4,5
tt10255592,6.8,22
tt10255596,6.8,7
tt10255868,6.6,7
tt10255874,8.5,23
tt10255880,7.6,8
tt10256088,8.5,14
tt10256444,8.6,9
tt10257000,7.1,33
tt10257002,7.8,70
tt10257028,6.6,5
tt10260690,6.6,9
tt10261098,6.8,5
tt10261464,7.1,9
tt10261842,8.8,20
tt10262454,7.2,11
tt10262540,8.6,22
tt10262772,5,28
tt10262940,8.5,32
tt10264328,6.8,7
tt10264562,9,13
tt10265146,6.3,254
tt10265414,7,14
tt10265808,8.2,5
tt10267598,8,8
tt10267938,7.8,6
tt10267944,7.6,6
tt10267948,7.8,7
tt10267950,8,6
tt10267952,9,13
tt10267954,8,6
tt10267962,8.3,7
tt10267970,8.2,6
tt10267972,9.2,11
tt10267976,8,6
tt10267984,7.8,6
tt10267988,8,6
tt10267990,7.8,6
tt10268002,7.8,6
tt10268008,8.2,6
tt10268010,7.8,6
tt10268014,8.3,8
tt10268018,7.8,6
tt10268022,7.8,6
tt10268030,7.8,6
tt10268034,8.5,7
tt10268036,8,6
tt10268042,8,6
tt10268056,7.8,6
tt10268060,7.8,6
tt10268062,7.8,6
tt10268068,8,6
tt10268072,7.8,6
tt10268076,8,6
tt10268082,8.3,7
tt10268088,8,6
tt10268092,8.5,6
tt10268096,8.2,6
tt10268102,8.4,6
tt10268114,8.2,6
tt10268120,8.4,6
tt10268124,8.4,6
tt10268126,8.4,6
tt10268128,8.5,8
tt10268666,2.8,33
tt10269312,6.7,32
tt10269508,7.4,8
tt10269518,3,15
tt10269748,6.7,23
tt10269768,8.7,6
tt10269890,4.5,303
tt10270100,3.7,48
tt10270164,3.2,49
tt10270348,8.2,8
tt10270352,7.4,13
tt10270356,7.8,11
tt10270358,7.8,6
tt10270566,4,13
tt10270944,4.5,16
tt10271006,7.7,7
tt10271468,9.2,13
tt10271758,4.2,10
tt10271894,6.5,11
tt10271948,8.9,47
tt10272116,7,9
tt10273060,6.5,13
tt10273254,9.6,9
tt10273628,5.8,5
tt10274478,8.2,64
tt10274598,3.4,21
tt10274660,8.4,6
tt10274742,6.3,9
tt10275096,9.4,6
tt10275384,7,28
tt10275476,5.6,10
tt10276020,7.7,6
tt10276048,7,6
tt10276086,7.5,13
tt10276088,7.7,9
tt10276092,7.1,8
tt10276578,6.6,273
tt10276594,10,11
tt10277296,6.2,6
tt10277382,6,6
tt10277500,6.2,6
tt10278286,7.8,6
tt10279114,2.2,18
tt10279242,7.2,9
tt10279276,6.9,15
tt10279406,9.7,10
tt10279522,3.5,6
tt10280012,8.3,58
tt10280138,7.3,19
tt10280140,6.8,10
tt10280144,7.5,11
tt10280148,7.2,8
tt10280150,7.2,8
tt10280156,7.8,9
tt10280160,7.7,9
tt10280164,7.4,8
tt10280166,6.3,9
tt10280168,7.3,9
tt10280204,7.4,8
tt10280206,7.4,9
tt10280208,7.6,8
tt10280210,7.3,7
tt10280212,6.8,10
tt10280216,6.1,8
tt10280218,7.2,8
tt10280222,7,8
tt10280224,7.5,8
tt10280226,7.2,6
tt10280230,7.2,6
tt10280232,7.2,6
tt10280234,7.6,7
tt10280236,7.6,7
tt10280238,7.9,9
tt10280470,7.9,8
tt10280474,6.8,6
tt10280478,7.2,6
tt10280484,7,6
tt10280486,7,7
tt10280638,5,5
tt10280878,6.8,26
tt10281564,7.1,19
tt10281690,8.4,13
tt10281706,9.1,10
tt10281714,9.2,10
tt10281722,9.1,10
tt10281734,9.2,11
tt10281744,9.5,11
tt10281752,9.4,11
tt10281762,9.4,10
tt10281766,9.2,10
tt10281774,9.2,10
tt10281780,9.4,9
tt10281794,9.3,9
tt10281804,9,11
tt10282720,5.8,5
tt10283708,5.2,14
tt10283742,6,168
tt10284172,7,6
tt10284878,5.3,12
tt10285110,7.5,22
tt10285118,6.7,25
tt10285158,8.8,6
tt10287550,7.2,5
tt10288746,6.4,14
tt10288748,4.3,15
tt10288976,4.6,6
tt10289196,6.7,11
tt10289896,8.2,12
tt10290292,6.9,20
tt10291282,6.9,7
tt10292116,6.8,56
tt10292338,6.1,7
tt10292420,6.9,108
tt10293492,7.1,10
tt1029360,4.9,59226
tt10293708,7.6,28
tt10293788,7.8,7
tt10294344,5.1,50
tt10294352,8.2,11
tt10294440,6,7
tt10295240,6.8,21
tt10295468,2.5,14
tt10295942,7.6,10
tt10298414,8.4,25
tt10298652,8.7,20
tt10298872,8.2,17
tt10298956,5.4,7
tt10299606,6.2,8
tt10299856,7.1,11
tt10299932,3.8,12
tt10300304,8.9,9
tt10300588,7.9,15
tt10300616,3.1,70
tt10300652,7.8,5
tt10300716,8.2,18
tt10302498,5,62
tt10302712,4.8,11
tt10302896,6,21
tt10303250,5.6,9
tt10303406,5.2,10
tt10303570,7.5,8
tt10304022,7.6,12
tt10304526,6.5,11
tt10305262,8.3,42
tt10305294,9.1,11
tt10305356,2.1,17
tt10305452,2.1,119
tt10305480,4.7,7
tt10305486,1.6,6
tt10305548,6.5,71
tt10305614,8.6,44
tt10306316,6.6,10
tt10307442,7,7
tt10307786,4.9,21
tt10308648,8.7,9
tt10309062,8.5,7
tt10309212,5.3,7
tt10309222,5,12
tt10309704,8.8,12
tt10309898,6.1,149
tt10309984,8.1,11
tt10311246,7,30
tt10311454,6.7,42
tt10311578,4.2,17
tt10312914,6.2,6
tt10313104,6.8,5
tt10313180,8.5,9
tt10313310,9.4,18
tt10313662,5.8,21
tt10313694,8.9,30
tt10314506,6,6
tt10314526,5.5,14
tt10315014,5,5
tt10315022,6.5,13
tt10315336,8.3,66
tt10316034,7.8,5
tt10316236,6.6,11
tt10317978,6.7,281
tt10318090,8.4,7
tt10318094,8.4,7
tt10318262,9,5
tt10318568,7.2,6
tt10318584,4.6,12
tt10318670,3.9,8
tt10319778,7.4,11
tt10320120,6.1,7
tt10321138,2.9,26
tt10321306,9,14
tt10321572,8,7
tt10321842,7.7,29
tt10322172,3.9,37
tt10322464,7.3,16
tt10322554,5.4,17
tt10322590,7.4,16
tt10322594,7.2,16
tt10322596,7.2,16
tt10322600,7.6,16
tt10322604,7.4,16
tt10322606,7.4,16
tt10322610,7.3,16
tt10322612,7.4,16
tt10322616,7.3,16
tt10322734,4,14
tt10322984,5.1,23
tt10322986,5.1,11
tt10323026,8.4,12
tt10323028,7.9,11
tt10323634,7.8,6
tt10323694,6.7,13
tt10323774,6.3,84
tt10323860,7.4,37
tt10324336,6.2,93
tt10324386,6.2,6
tt10324426,5.3,129
tt10324592,7.8,355
tt10325294,7.6,14
tt10325740,6.8,117
tt10326264,5,38
tt10326888,8.6,11
tt10327212,10,5
tt10327742,8,6
tt10327974,5.9,85
tt10328678,7.2,5
tt10328906,7.5,25
tt10328944,7.9,23
tt10329120,6.4,19
tt10329508,5.9,10
tt10329546,7.8,35
tt10329782,6.9,52
tt10329890,6.7,14
tt10329924,6.4,53
tt10330404,9.6,9
tt10330532,6.1,8
tt10331100,6.2,15
tt10332416,7.5,14
tt10332696,4.8,15
tt10332968,5.9,9
tt10332980,3.1,11
tt10333370,8.3,7
tt10333780,6.1,44
tt10334192,2.2,51
tt10334272,7.5,6
tt10334302,7.9,30
tt10334356,6.2,7
tt10334768,5.4,5
tt10334770,5,9
tt10334874,8.4,5
tt10334890,6.2,5
tt10335936,8.9,12
tt10337822,6.3,37
tt10337912,8.9,64
tt10338068,6.8,7
tt10338472,6.3,74
tt10338492,5.7,14
tt10338508,7.8,15
tt10338520,7.4,16
tt10339158,9,9
tt10339228,9.3,8
tt10339232,4.2,29
tt10339932,8.6,13
tt1034007,7.7,34423
tt10340488,6,5
tt10340494,8.6,6
tt10340594,8.3,12
tt10340628,8.1,7
tt10340718,5.8,19
tt10340760,6.1,10
tt10340810,8.2,7
tt10340820,6.6,57
tt10340916,7.8,6
tt10341190,6.6,16
tt10341820,7.1,8
tt10342190,6.8,11
tt10342536,6.4,8
tt10343526,9.9,9
tt1034385,6,16772
tt1034415,6.7,82740
tt10344268,9.8,8
tt10344286,7.4,5
tt10344294,7.4,5
tt10344298,7.6,5
tt10344442,9.4,6
tt10344636,9.1,290
tt10345864,5.6,5
tt10345946,7.5,16
tt10345972,8.8,12
tt10346304,8,245
tt10346492,7.3,6
tt10347594,6.4,10
tt10348274,9.4,8
tt10348500,7.8,26
tt10349274,8,5
tt10349296,8,5
tt10349300,8.4,5
tt10349304,8.4,5
tt10349312,7.8,5
tt10349314,7.4,5
tt10349574,7.9,34
tt10350244,6.4,12
tt10350842,5,11
tt10351002,9.2,5
tt10351402,4.7,12
tt10353060,8.3,137
tt10353736,5.7,64
tt10353762,7.8,6
tt10354010,7,75
tt10354154,6.4,10
tt10354572,7.5,24
tt10355290,6.8,11
tt10356062,7.6,11
tt10356554,6.6,10
tt10356600,6.6,10
tt10356618,6.6,10
tt10356632,6.6,10
tt10356678,6.7,10
tt10356710,6.5,10
tt10356730,6.5,10
tt10356932,6.3,31
tt10357406,8.7,13
tt10359764,7.2,51
tt10360034,6.7,6
tt10360240,8.1,8
tt10360478,4.9,9
tt10360916,6.4,49
tt10360970,8.1,11
tt10361746,7.9,66
tt10361862,1.7,20
tt10362266,9.3,8
tt10362792,6,6
tt10363780,7.4,19
tt10363850,5,9
tt10364360,6.2,5
tt10364492,6.3,7
tt10365678,7.7,12
tt10365682,7.9,13
tt10366644,7,11
tt10367432,7.8,45
tt10368134,7.5,7
tt10368326,8.2,15
tt10368514,4,22
tt10368526,5.6,5
tt10368582,8.3,148
tt10368816,6.3,11
tt10369216,9.4,8
tt10369708,8.8,15
tt10369888,8.7,32
tt10369900,9.4,8
tt10370002,8.8,51
tt10370866,6.6,116
tt10373752,6.2,31
tt10373928,8.9,64
tt10374294,6.9,117
tt10374390,7.6,5
tt10374396,8,6
tt10374438,6.2,55
tt10374466,6.3,33
tt10375092,7.1,42
tt10375346,7.7,22
tt10375362,7.8,6
tt10375648,6.3,7
tt10375684,9.1,7
tt10375748,8.3,98
tt10375762,7.7,25
tt10375770,9.2,22
tt10375814,7.7,11
tt10375842,6.9,17
tt10375952,7.2,63
tt10376042,7.2,13
tt10376478,6.5,17
tt10378660,8.8,138
tt10378742,9.3,23
tt10379574,6.8,18
tt10379602,6.4,7
tt10379932,5.6,18
tt10379940,9.2,10
tt10379954,9.1,8
tt10380010,6.8,5
tt10380164,6.2,8
tt10380184,6.5,70
tt10380308,1.4,201
tt10380324,9.4,84
tt10380340,5.5,9
tt10380358,5.7,12
tt10381046,6.4,9
tt10381240,6.1,24
tt10381924,8.9,37
tt10382842,6.7,348
tt10383274,9,5
tt10383542,5.2,13
tt10384130,6.4,16
tt10384202,7.8,5
tt10384258,6.4,5
tt10384610,8.6,340
tt10384856,8.3,15
tt10384870,8.2,17
tt10384920,6.6,18
tt10385122,5.9,16
tt10385162,7.6,8
tt10385430,6.3,24
tt10385482,3.4,94
tt10387804,6.2,24
tt10388262,6.9,42
tt10388352,7.3,20
tt10388378,7.2,14
tt10389110,7.7,11
tt10389426,7.5,12
tt10389450,6.5,14
tt10389456,7.1,15
tt10389464,7.4,31
tt10389518,7.4,10
tt10389522,7.7,8
tt10389524,7.2,7
tt10389894,6.4,24
tt10389914,6.4,25
tt10389952,10,24
tt10391966,4.6,27
tt10392132,7.1,83
tt10392158,7,12
tt10392490,2,10
tt10392606,2.5,15
tt10392636,3.3,32
tt10392644,2.3,32
tt10392648,6.9,159
tt10392720,5.3,8
tt10393268,5.1,12
tt10393486,6,17
tt10393630,4.2,6
tt10393754,5.7,7
tt10393770,5.2,17
tt10393846,3.7,7
tt10394776,9,6
tt10394910,8.8,78
tt10396486,7.4,276
tt10397512,8,5
tt10397532,8.8,5
tt10397564,9,5
tt10397568,8.8,5
tt10397580,9.8,5
tt10397592,8.6,5
tt10397620,9.2,5
tt10397630,9.4,5
tt10397650,9.2,5
tt10397654,9.4,5
tt10397662,9.4,5
tt10397666,9,5
tt10397672,9.2,5
tt10397682,8.4,5
tt10397684,9.6,5
tt10397686,7.6,5
tt10397692,9.6,5
tt10397704,9.8,5
tt10397706,9.6,5
tt10397716,9.8,5
tt10397962,9,7
tt10398140,5.5,16
tt10398248,7.6,5
tt10398254,8,5
tt10398502,7.3,7
tt10398510,7.3,7
tt10398816,7.2,5
tt10399594,6.8,7
tt10399736,5.2,38
tt10399830,6.7,24
tt10399884,7,24
tt10399944,6.4,14
tt10399974,8.4,7
tt10400212,8.5,6
tt10400330,6.7,11
tt10400364,6.6,12
tt10401110,7.2,17
tt10401348,7.6,11
tt10401364,7.8,11
tt10401388,7.8,11
tt10401398,7.6,11
tt10401416,7.6,11
tt10401456,7.7,11
tt10402738,6.9,84
tt10402878,4.4,9
tt10402898,6.9,74
tt10403092,5.8,25
tt10403508,6.7,11
tt10403780,2.7,6
tt10403908,3.3,6
tt10404258,6.1,17
tt10404306,7.4,23
tt10404568,8.4,10
tt10404974,6.2,14
tt10405068,6.4,14
tt10405132,6.4,14
tt10405260,7.6,20
tt10405262,7.5,20
tt10405264,7.4,20
tt10405268,8.1,22
tt10405276,7.5,20
tt10405282,7.5,20
tt10405296,7.7,19
tt10405298,7.4,19
tt10405302,7.8,19
tt10405308,7.6,19
tt10405314,7.2,21
tt10405374,7.6,6
tt10405632,7,10
tt10406010,7.9,14
tt10408044,8.6,7
tt10408414,6.5,34
tt10408638,7.3,17
tt10408656,6.5,20
tt10408704,9.2,15
tt10408756,7.2,14
tt10409194,8.1,14
tt10409274,8.3,14
tt10409610,4.4,70
tt10409690,7.3,6
tt10409826,6.2,5
tt10409994,7.4,5
tt10410060,5.1,26
tt10410124,6.3,14
tt10410232,6.4,14
tt10410294,6.5,14
tt10410326,7,12
tt10410342,6.9,13
tt10411334,6.9,7
tt10411954,5.4,208
tt10413222,7.4,10
tt10413246,7.8,5
tt10413838,6.5,64
tt10413864,8.3,6
tt10414010,7.4,16
tt10414910,6.7,8
tt10415110,7,9
tt10415334,6.6,14
tt10415366,6,27
tt10417072,7.2,23
tt10417452,6.4,5
tt10417656,8.1,8
tt10417708,7.4,10
tt10417848,8.6,9
tt10417946,6.8,10
tt10418024,6,6
tt10418386,7.9,64
tt10418756,6.4,10
tt10418964,9.4,7
tt10418968,8.8,9
tt10418970,9.2,9
tt10419086,6.4,18
tt10419090,6,7
tt10419238,8,8
tt10419526,7.2,16
tt10420772,6,15
tt10420790,8.4,176
tt10422000,7,6
tt10422618,8.7,184
tt10422832,4.1,13
tt10423076,6.8,9
tt10423458,6.2,14
tt10424814,7.7,58
tt10426098,6.2,11
tt10426420,6.7,6
tt10426510,6.2,21
tt10427088,8.9,8
tt10427102,9.1,115
tt10427154,9.8,5
tt10427278,7.2,6
tt10427432,7.4,8
tt10427436,7,6
tt10427516,6.5,11
tt10427774,7.6,11
tt10427992,8.1,14
tt10428144,8.6,40
tt10428206,8.3,24
tt10428316,7.9,118
tt10428598,7.2,39
tt10428660,8,10
tt10428754,6.2,27
tt10430182,7.4,5
tt10431146,7.1,9
tt10431648,7.6,9
tt10431660,5.7,6
tt10431664,5.2,6
tt10431670,4.6,5
tt10431678,5.5,6
tt10431682,6.8,6
tt10431860,7.8,153
tt10432658,5.9,20
tt10432732,5.2,8
tt10433378,8.3,7
tt10433430,8.7,19
tt10433462,6.3,24
tt10433556,6.8,5
tt10433620,8.3,36
tt10433630,4,6
tt10433676,9.2,6
tt10434376,6.6,25
tt10434656,6.5,22
tt10434672,6.4,21
tt10434698,6.9,20
tt10434716,6.5,19
tt10434726,6.9,20
tt10434734,6.5,19
tt10434738,6.8,19
tt10434746,7.2,19
tt10434766,6.8,19
tt10434786,7.2,19
tt10434810,7.2,18
tt10434824,6.5,20
tt10435072,6.2,37
tt10435252,6.4,19
tt10435262,6.2,19
tt10435274,6.5,19
tt10435294,6.8,19
tt10435296,6.5,19
tt10435336,6.9,20
tt10435354,6.8,18
tt10435446,5.6,15
tt10435474,6.2,13
tt10435492,6.4,13
tt10435526,6.5,13
tt10435542,6.2,13
tt10435562,6.7,13
tt10435592,6.9,13
tt10435606,6.7,13
tt10435628,6.1,12
tt10435654,6.1,12
tt10435672,6.5,12
tt10435728,6.4,12
tt10435734,6.4,12
tt10435740,6.2,12
tt10435742,6.4,12
tt10435764,6.8,14
tt10436788,7.2,7
tt10436796,7.8,6
tt10437072,6.3,69
tt10437078,8.9,12
tt10437098,8.8,11
tt10437116,8.6,12
tt10437174,8,8
tt10437194,6.7,8
tt10437544,8.9,13
tt10437600,8.4,13
tt10437864,8.3,12
tt10438082,8.3,12
tt10438088,7.4,46
tt1043813,7.5,104119
tt10438182,8.7,7
tt10438402,8.5,7
tt10438760,7.5,7
tt10439092,7.8,6
tt10439302,6.9,37
tt10439334,7,149
tt10439496,6.5,6
tt10439986,7.5,31
tt10440066,7.9,44
tt10440840,7.4,20
tt10441174,7.5,47
tt10441406,7.8,27
tt10441882,6.4,9
tt10441904,9.8,13
tt10441942,8.3,12
tt10441960,8,12
tt10441964,8.7,16
tt10441986,8,7
tt10441996,8.3,8
tt10442008,8.2,8
tt10442014,8.3,16
tt10442020,8.8,11
tt10442030,7.2,17
tt10442034,7.7,8
tt10442044,8,8
tt10442054,8.3,8
tt10442062,8.2,10
tt10442130,5.5,42
tt10442654,6.4,10
tt10442748,4.4,13
tt10442820,9.3,16
tt10443084,8,9
tt10443316,6.3,20
tt10443322,5.4,20
tt10443324,8,64
tt10443326,7.3,26
tt10443424,2.8,5
tt10443572,9.6,5
tt10443588,8.6,42
tt10443610,2.4,121
tt10443612,7.9,8
tt10443634,6.8,17
tt10443650,4.8,10
tt10443678,8.8,5
tt10443710,6.1,13
tt10443760,5.5,10
tt10443764,5.3,23
tt10443766,5.8,49
tt10443780,8.2,48
tt10443788,8.6,95
tt10444082,6.5,45
tt10444270,6.3,49
tt10445362,5.7,40
tt10446730,6.9,9
tt10447444,7.2,5
tt10447892,8.6,12
tt10447934,8.6,14
tt10448084,8.6,12
tt10448566,7.7,30
tt10448592,7.6,18
tt10448594,7.6,18
tt10448622,8.3,6
tt10448672,7,10
tt10448722,7.5,15
tt10448794,7.7,12
tt10448796,7.4,11
tt10448798,7.9,11
tt10448800,7.8,12
tt10448802,7.8,12
tt10448804,8.1,11
tt10448806,8,11
tt10448808,7.4,11
tt10448810,8.4,11
tt10448812,8.1,11
tt10448814,7.9,10
tt10448816,8.3,11
tt10448992,5.9,10
tt10449116,6.8,17
tt10449120,6.1,31
tt10449126,4.7,22
tt10449140,7.1,23
tt10449234,6.1,8
tt10449304,7.4,38
tt10449378,8.4,33
tt10449404,5.4,12
tt10449486,3,8
tt10449498,8.4,20
tt10450410,7.5,47
tt10450770,8.9,18
tt10451094,8.3,11
tt10451118,6.3,9
tt10451156,9.5,28
tt10451418,8.8,15
tt10451432,6.3,19
tt10451986,8.4,7
tt10452046,5.8,6
tt10452142,9.1,19
tt10452170,9.7,6
tt10452174,9,13
tt10452194,8.7,24
tt10452212,9.1,24
tt10452248,8.7,28
tt10452652,7.9,20
tt10452656,5.8,11
tt10452658,7.5,13
tt10452670,6.7,13
tt10452996,6.3,172
tt10453106,4.6,8
tt10453114,6.6,12
tt10453118,8.4,14
tt10453160,6.2,6
tt10453164,8.4,26
tt10453218,8.8,9
tt10453322,3.4,23
tt10453434,7,18
tt10453448,4.2,14
tt10453700,5,33
tt10454014,6.6,10
tt10454120,7,9
tt10454154,6.9,11
tt10454188,6.4,11
tt10455418,7,8
tt10456778,7.2,47
tt10457296,9.6,7
tt10457306,8.8,8
tt10457308,9,7
tt10457446,5.9,7
tt10457756,8,6
tt10457764,7,5
tt10457768,8.2,8
tt10457772,7.8,9
tt10457866,7,5
tt10457874,6.2,5
tt10457884,7.2,5
tt10457888,7.4,5
tt10457920,7,5
tt10457928,8,10
tt10457932,8.6,9
tt10457952,8.1,8
tt10457962,7.8,6
tt10457968,7.7,6
tt10457976,8.6,7
tt10457982,7.9,13
tt10457984,8.4,15
tt10457998,7.3,7
tt10458004,8.1,7
tt10458008,7.8,6
tt10458064,7.9,12
tt10458130,7.5,13
tt10458164,6.5,6
tt10458190,6.9,8
tt10458206,6.4,8
tt10458242,7.7,7
tt10458252,6.4,6
tt10458310,8.5,6
tt10458888,8.4,78
tt10459410,10,28
tt10460616,8.2,5
tt10461038,8,8
tt10461340,6.9,13
tt10462010,7.5,9
tt10462014,6.7,10
tt10462034,6.7,200
tt10462092,7.4,5
tt10462298,7,8
tt10462326,7.6,51
tt10462454,9.4,5
tt10462646,5.7,1983
tt10462656,4.9,11
tt10462848,6.2,13
tt10463272,8.8,16
tt10463468,8.9,9
tt10463726,8.1,10
tt10464450,7,10
tt10466306,6.1,13
tt10466434,7.1,7
tt10466478,9,20
tt10466844,10,5
tt10466846,10,5
tt10466848,10,5
tt10467292,5.5,53
tt10467316,4.2,5
tt10467318,4.4,17
tt10467320,2.6,7
tt10467332,4.6,19
tt10467336,7.8,6
tt10467344,6.5,8
tt10467352,4.5,6
tt10467354,7.1,37
tt10467460,6.8,96
tt10467464,6.4,23
tt10467508,4,8
tt10468080,5.6,12
tt10468098,6.1,138
tt10468394,6.4,25
tt10471684,9.1,19
tt10471724,8.7,31
tt10471832,7.7,13
tt10471894,7.7,19
tt10471912,7.4,20
tt10471916,7.1,18
tt10471922,6.8,17
tt10471926,7.5,19
tt10471930,7.2,17
tt10471932,7,19
tt10471936,7.1,16
tt10472212,7.8,85
tt10472234,7,47
tt10472368,7.9,11
tt10472560,5.2,7
tt10472580,7,7
tt10473020,8.2,473
tt10473028,7.2,15
tt10473278,6.6,6
tt10473284,7.9,90
tt10473328,7.8,9
tt10473358,7,31
tt10473368,4,5
tt10473414,5.5,16
tt10473636,6.8,13
tt10474354,6.3,6
tt10474370,8,13
tt10474386,4.8,40
tt10474432,8.8,121
tt10476416,8.4,11
tt10476788,3.5,14
tt10477266,9.3,8
tt10477650,7.1,14
tt10477990,3.4,40
tt10478066,7.1,7
tt10478068,7.8,8
tt10478074,7.6,8
tt10478080,5.2,13
tt10478088,6.7,6
tt10478094,6.2,5
tt10478098,6.2,5
tt10478106,6.2,5
tt10478142,7.6,5
tt10478144,8,5
tt10478158,8.2,5
tt10478256,7.6,5
tt10478272,7.8,5
tt10478398,8.9,21
tt10478662,9.2,13
tt10478870,5,6
tt10478876,7.7,6
tt10478970,8.8,9
tt10478974,9.4,9
tt10478980,8.7,11
tt10478986,8.7,10
tt10479678,5.1,9
tt10481726,9.6,8
tt1048176,5,1104
tt10482082,7.6,18
tt10482152,6,116
tt10482208,7.2,6
tt10482270,5.6,10
tt10482292,7.8,5
tt10482518,7.2,12
tt10483062,6.1,85
tt10483132,7.2,6
tt10483142,8.2,11
tt10483922,6.3,42
tt10483968,5.8,8
tt10484102,7.4,5
tt10484890,6.9,66
tt10485806,9,5
tt10485928,5,111
tt10486640,5.8,14
tt10486664,8.8,7
tt10486778,9.2,12
tt10486836,9,17
tt10487642,8.8,23
tt10487692,7.7,16
tt10487986,7.3,540
tt10488400,6.6,6
tt10488692,7.1,27
tt10488892,3.2,122
tt10489432,6.6,7
tt10489580,5.8,14
tt10489712,5.8,6
tt10489724,5.4,5
tt10489730,5.4,5
tt10490584,5.7,12
tt10490914,4,6
tt10491338,6.2,6
tt10492170,6.8,9
tt10492280,7.2,6
tt10492372,7.4,6
tt10492384,7.4,6
tt10492390,7.8,7
tt10492606,4.8,12
tt10492842,8.6,23
tt10493034,9.4,8
tt10493488,7.1,22
tt10493790,6.4,5
tt10495340,8.6,7
tt10495376,6.2,200
tt10497352,4.3,165
tt10497912,6.8,21
tt10497992,3.7,16
tt10498008,7.5,20
tt10498150,9.6,5
tt10498322,5.7,522
tt10498358,9.3,54
tt10498404,9.2,33
tt10498406,8.4,14
tt10498408,8.2,12
tt10498410,8.2,13
tt10498412,8.3,15
tt10498414,7.4,8
tt10498416,6.5,6
tt10498418,8.9,19
tt10498420,8.5,14
tt10498422,8.8,17
tt10498424,9.4,21
tt10498722,9.5,6
tt10498752,8.4,7
tt10498898,9.5,6
tt10498972,7.9,13
tt10499420,8.3,26
tt10499426,5.6,17
tt10499432,6.2,35
tt10499436,7.6,5
tt10499446,4.9,29
tt10499466,6.3,9
tt10499474,5.3,75
tt10499476,5.8,5
tt10499612,8.1,8
tt10499964,7.3,32
tt10500268,7.5,18
tt10500352,5.8,56
tt10500374,3.3,6
tt10500382,5.2,5
tt10500392,4.3,8
tt10500486,7.3,6
tt10500508,8.2,8
tt10501390,6.8,5
tt10501752,3.5,11
tt10501808,7.3,7
tt10501834,8.1,17
tt10503212,5.7,7
tt10503328,8.3,8
tt10504012,9.5,48
tt10504020,9.6,40
tt10504032,9.6,37
tt10504038,9.7,34
tt10504164,9.2,61
tt10505048,4.6,27
tt10505054,8,21
tt10505066,6.9,14
tt10505100,4.9,65
tt10505330,8.1,8
tt10505420,5.2,16
tt10505424,5.9,21
tt10505436,8,20
tt10505558,5.8,52
tt10505592,6.8,22
tt10505612,6.7,40
tt10507540,6.3,21
tt10508028,4.8,11
tt10508376,7.4,78
tt10508622,5.2,13
tt10508880,5.3,7
tt10509642,8.1,45
tt10509898,6,10
tt10510036,9.1,10
tt10510052,7.3,47
tt10510356,8.7,33
tt10510988,7.1,16
tt10511024,4.4,7
tt10511290,7,62
tt10511740,8.2,30
tt1051220,7.1,61759
tt10512272,6.2,17
tt1051229,7.6,20
tt10513756,9.7,50
tt10514052,7.2,10
tt10514178,7,8
tt10514180,5.4,8
tt10514190,6.5,7
tt10514194,7,8
tt10514198,5.6,8
tt10514208,6.7,7
tt10514214,6.3,7
tt10514460,6.2,10
tt10514478,6.6,8
tt10514482,6,7
tt10514514,7.3,6
tt10514528,9.6,35
tt10514544,9.7,33
tt10514554,9.6,43
tt10514556,9.6,40
tt10514562,9.5,38
tt10514572,9.7,37
tt10514582,9.6,38
tt10514592,9.6,36
tt10514596,9.5,37
tt10514602,9.8,37
tt10515182,5.7,22
tt10515202,2.6,9
tt10515340,3.4,2183
tt10515548,5,10
tt10515556,6.9,14
tt10515562,7.2,7
tt10515568,2.3,22
tt10515584,9.6,6
tt10515586,9.6,6
tt10515594,9.6,6
tt10515596,9.6,6
tt10515918,9.1,7
tt10515976,6.8,5
tt10515990,8.3,15
tt10515992,7.6,15
tt10515996,8,15
tt10516000,7.8,14
tt10516002,7.7,15
tt10516010,7.8,15
tt10516016,7.8,13
tt10516020,7.7,14
tt10516028,7.7,14
tt10516030,7.5,13
tt10516032,7.7,14
tt10516040,7.7,13
tt10516042,7.7,13
tt10516044,7.5,13
tt10516046,7.4,14
tt10516050,8.2,14
tt10516052,7.7,12
tt10516054,7.8,14
tt10516056,9,15
tt10516062,8.1,14
tt10516096,9.1,14
tt10516100,6.7,17
tt10516102,8.4,13
tt10516104,8.5,13
tt10516106,8.2,12
tt10516108,8.5,13
tt10516112,8.1,12
tt10516162,7.6,9
tt10516194,8,10
tt10516198,7.6,12
tt10516208,8.5,11
tt10516212,6.7,10
tt10517218,7.8,21
tt10518620,6.1,85
tt10518856,6.9,43
tt1051904,6.3,90939
tt10519126,8.9,66
tt10519152,7.4,8
tt10519574,9.2,5
tt10519732,7.7,10
tt10519888,7,15
tt10520508,8,18
tt10520526,7.5,15
tt10520544,8.7,6
tt10520552,7.8,6
tt10520820,8.8,12
tt10520878,3.8,17
tt10520880,6.1,10
tt10520882,6.8,29
tt10520984,5.2,19
tt10521028,6.1,29
tt10521268,7,6
tt10521274,7,5
tt10521304,6,10
tt10521340,3.9,17
tt10521404,10,5
tt10521436,3.1,7
tt10521530,8.2,10
tt10522084,4.8,35
tt10522594,6,8
tt10525584,7.3,32
tt10526250,6,11
tt10526402,7.4,48
tt10528922,5.7,10
tt10529010,7.1,71
tt10529016,8.4,5
tt10529112,6.7,27
tt10529130,6,23
tt10529294,8.2,42
tt10529324,6.8,6
tt10529338,6.2,19
tt10529764,10,11
tt10529824,5.4,5
tt10529902,9.1,11
tt10529930,7.3,8
tt10529938,2.4,34
tt10529988,8.3,18
tt10530970,9.3,8
tt10531016,9.1,12
tt10531850,5.2,8
tt10533118,7.1,8
tt10533178,7.4,12
tt10533378,5.5,6
tt10533420,5.8,6
tt10533560,10,5
tt10533766,8.4,53
tt10533800,5.6,5
tt10533880,8.2,32
tt10533938,7.4,11
tt10534040,6.8,17
tt10534100,2.7,21
tt10534112,7.2,5
tt10534370,7.8,7
tt10534372,8,7
tt10534374,6.7,11
tt10534376,8.3,7
tt10534378,8,7
tt10534384,8,7
tt10534392,6.5,138
tt10534508,7.6,46
tt10535466,8.2,91
tt10535904,7,15
tt10537020,10,17
tt10537634,6.8,14
tt10538508,8.6,10
tt10538862,6.1,8
tt10539140,8.7,7
tt10539178,6.6,12
tt10539234,8.7,11
tt10539260,4.7,9
tt10539302,8.7,7
tt10539414,7.2,9
tt10540022,7.8,18
tt10540162,6.8,23
tt10540298,6.6,393
tt10540440,7.3,13
tt10540494,6.7,20
tt10541328,8.1,8
tt10544158,6,11
tt10544406,10,6
tt10544918,5.3,48
tt10545158,7.5,20
tt10545208,8.2,11
tt10545388,6.8,17
tt10545476,4.7,89
tt10545560,8.4,15
tt10545822,8.5,15
tt10546234,3.8,8
tt10547022,6.4,40
tt10547806,7.8,27
tt10548804,7.7,483
tt10549040,7.3,9
tt10549106,7.8,14
tt10549246,3.7,7
tt10549282,3.3,8
tt10549360,7.6,56
tt10550610,5.9,11
tt10551082,7.6,17
tt10552778,9.1,39
tt10553568,6.7,8
tt10553572,6.4,8
tt10553578,7,10
tt10553582,7,7
tt10553756,7.4,67
tt10554518,8.7,44
tt10555464,8.2,6
tt10555866,7.5,12
tt10556220,6.8,16
tt10556292,8.6,5
tt10556516,4.9,41
tt10556666,6.6,44
tt10556876,6.8,25
tt10557230,6.6,13
tt10558000,1.9,19
tt10558584,9.3,15
tt10559250,7.5,17
tt10560226,6.4,24
tt10560228,6,20
tt10560234,6.3,22
tt10560236,6.2,19
tt10560244,6.6,18
tt10560252,6.2,19
tt10560256,6.2,17
tt10560260,6.3,18
tt10560268,6.1,19
tt10560272,6.1,19
tt10560274,8,7
tt10560322,6,20
tt10560636,9.4,52
tt10560640,9.7,29
tt10560642,10,26
tt10560648,10,24
tt10560652,10,25
tt10560656,10,23
tt10560662,9.9,30
tt10560664,10,25
tt10560668,10,22
tt10560672,10,22
tt10560674,10,24
tt10560680,10,24
tt10560684,9.6,29
tt10560752,3.2,13
tt10561244,8.3,7
tt10562582,8.2,13
tt10563812,7.2,5
tt10564170,9,9
tt10564268,7.1,19
tt10564792,3.2,8
tt10564814,6.7,129
tt10565076,6.2,68
tt10567450,5.4,8
tt10567498,6.5,8
tt10567894,5.6,52
tt10568440,3.6,8
tt10568552,4,119
tt10568594,8.2,86
tt10568888,7.1,44
tt10569276,4.8,7
tt10570036,7.4,6
tt10570042,7.8,9
tt10570062,8.1,15
tt10570092,7.6,9
tt10570132,8.4,13
tt10570686,7.6,23
tt10570744,7.6,38
tt10571508,8.4,29
tt10573340,6.5,18
tt10573592,9,32
tt10573792,6.1,11
tt10573808,8.1,30
tt10573856,8,9
tt10574622,7,6
tt10577954,7.7,6
tt10578106,6.6,38
tt10578532,7.8,6
tt10579610,6.6,6
tt10580146,6,12
tt10580176,9.2,13
tt10580248,8.5,15
tt10580458,5.1,43
tt10580768,6.5,201
tt10581260,6.3,10
tt10581548,8.7,28
tt10582078,9.6,13
tt10582090,8.9,16
tt10582738,6.1,90
tt10584558,5.8,8
tt10584600,6.5,13
tt10584776,8.3,7
tt10585156,8.1,38
tt10585290,7,6
tt10585518,6.9,8
tt10585676,8.4,9
tt10587576,8.7,8
tt1058779,9.3,1744
tt10588488,7.7,25
tt10588894,1.3,39
tt10589798,9.3,56
tt10590038,7.5,23
tt10590148,7,22
tt10590430,3,13
tt10590478,6.3,21
tt10590494,8.7,7
tt10590546,9.1,14
tt10591418,8.2,12
tt10591572,8.8,5
tt10592348,9.7,8
tt10592742,8.8,6
tt10593126,9.2,62
tt10594626,7.9,8
tt10594646,6.7,7
tt10594652,7.9,7
tt10594874,7.2,12
tt10595160,8.5,105
tt10595290,9.6,14
tt10595310,7.8,7
tt10596280,8.8,8
tt10596986,7,17
tt10597014,9.2,13
tt10597522,6.8,6
tt10598242,6.2,6
tt10598292,6.2,20
tt10598308,8,7
tt10598438,7.8,9
tt10598448,7.1,7
tt10598602,9.1,7
tt10598652,9,7
tt10598660,9,10
tt10598786,8.1,8
tt10598798,7.2,6
tt10598808,8.7,7
tt10598826,8.3,7
tt10598830,9.1,7
tt10598834,8.8,9
tt10598840,8.1,8
tt10598842,7.2,5
tt10598844,8.3,7
tt10600858,8,5
tt10601198,9.5,11
tt10601240,9.1,37
tt10601588,8.4,10
tt10601918,8.5,20
tt10601996,8,26
tt10602658,9,7
tt10602664,8.2,5
tt10602668,7.4,7
tt10602670,7.2,8
tt10602672,7.4,7
tt10602674,9,7
tt10602678,8.6,8
tt10602704,8,8
tt10602726,8.1,8
tt10602730,9.2,6
tt10602734,7.5,6
tt10602750,8.2,6
tt10602756,8.4,11
tt10602806,7.1,10
tt10602826,6,19
tt10602830,8.6,26
tt10602832,7.6,7
tt10602986,9.4,13
tt10603042,8.9,13
tt10603052,9.6,12
tt10603718,7.2,19
tt10603740,7.1,21
tt10603758,7.4,19
tt10603784,7.4,20
tt10603802,7.1,16
tt10603816,7.5,22
tt10603840,7.8,24
tt10603904,7.3,22
tt10603916,7.5,21
tt10604178,6.6,12
tt10604440,5.9,37
tt10605414,7.6,6
tt10605682,8.9,27
tt10607270,8.5,6
tt10607362,6.8,6
tt10607446,9.7,83
tt10607698,8.6,5
tt10607710,8.3,6
tt10608004,9.1,11
tt10608028,7.7,7
tt10608030,8,8
tt10608062,7.3,7
tt10608200,7.6,7
tt10608228,7,7
tt10608254,7,6
tt10608448,7.4,7
tt10608488,8,7
tt10608540,6.3,24
tt10609490,7.9,11
tt10610552,6.4,18
tt10610928,9.8,285
tt10611830,6.3,9
tt10612046,8.5,20
tt10612078,9.5,30
tt10612084,8.8,23
tt10612096,8.1,20
tt10612102,8.2,20
tt10612108,8.2,20
tt10612118,8.3,21
tt10612124,8.7,20
tt10612132,8,22
tt10612262,6.4,36
tt10612430,6.5,33
tt10613192,6.4,17
tt10613224,7.4,26
tt10613502,9.1,74
tt10613638,6.4,33
tt10613684,8,33
tt10613718,6.4,34
tt10613796,7.9,10
tt10613838,7.4,16
tt10615388,5.1,144
tt10615730,7.5,7
tt10616838,8.5,10
tt10616864,6.4,5
tt10616870,6.6,5
tt10617374,8.7,9
tt10618618,8.6,14
tt10618940,6.7,13
tt10618950,8.5,519
tt10618996,7.9,8
tt10619524,8.8,7
tt10619694,7.2,6
tt10619952,6,29
tt10619966,7.7,24
tt10620064,6.1,32
tt10620492,8.8,11
tt10620940,7.7,10
tt10620970,7.2,6
tt10620984,7.7,13
tt10620992,7.8,10
tt10621316,6.1,11
tt10621994,9.4,5
tt10622132,6.2,9
tt10622212,5.9,14
tt10622340,1.8,42
tt10623116,6.3,15
tt10623274,2.3,37
tt10623586,9.7,7
tt10623720,8.9,13
tt10623806,7.7,10
tt10623972,7.7,38
tt10625716,6.4,38
tt10626534,4.2,163
tt10626590,2,25
tt10627560,8,7
tt10627624,8.3,8
tt10627670,6.4,7
tt10627882,7.8,36
tt10627904,7.4,7
tt10628202,6,6
tt10628224,5.9,12
tt10628264,6.1,8
tt10629560,6.2,6
tt10633464,7.7,8
tt10634258,6.3,7
tt10634534,7,10
tt10634544,7.2,6
tt10634546,7.8,6
tt10634658,7.6,14
tt10635880,9.1,14
tt10636224,4.8,5
tt10636292,3.8,5
tt10638466,4.8,10
tt10638598,5.3,22
tt10642476,5,5
tt10643198,5.6,5
tt10643224,8.9,58
tt10644684,8.1,29
tt10645054,8.4,5
tt10646066,6.2,5
tt10646270,5.6,6
tt10647990,10,7
tt10648268,4,7
tt10648480,7.1,12
tt1064899,8,31464
tt10649098,2.9,13
tt10650626,7.4,14
tt10650736,7.8,10
tt10651248,7.4,6
tt10651294,8,8
tt10651538,6.6,67
tt10651566,7.2,7
tt10653012,5.9,13
tt10653032,9,7
tt10653260,6.1,12
tt10653342,7,74
tt10653442,7,137
tt10653766,6.8,8
tt10655046,8.4,17
tt10655090,3.9,11
tt10655358,5.3,8
tt10655410,8.9,42
tt10655416,8.7,31
tt10656064,7.3,7
tt10660388,9.7,17
tt10660928,7.6,17
tt10661392,8,8
tt10661476,4.6,8
tt10661486,8.4,22
tt10661496,7.9,9
tt10661864,8.8,6
tt10661914,8.6,10
tt10661950,5.2,22
tt10662176,6.7,13
tt10662504,6.1,33
tt10664094,7.8,12
tt10664678,6.8,16
tt10666438,7,12
tt10666450,3.6,60
tt10666574,7,7
tt10666636,6.4,7
tt10666646,6,7
tt10666664,6.3,7
tt10666672,6.4,7
tt10666678,6.7,7
tt10666688,6.7,7
tt10666696,6.6,7
tt10666706,6.4,7
tt10666720,5.4,11
tt10666840,6.9,123
tt10667002,7,16
tt10667354,6.8,35
tt10667572,6.6,17
tt10667726,8,16
tt10667822,6.3,14
tt10668038,8.2,18
tt10668766,5.1,26
tt10669618,4.6,8
tt10669762,9.4,14
tt10669864,8.5,13
tt10669964,7.4,12
tt10669966,7.4,11
tt10669970,7.5,13
tt10669972,7.5,12
tt10669974,7.1,11
tt10669976,7.3,10
tt10669978,7.7,10
tt10669982,7.8,10
tt10669984,7.3,10
tt10669986,6.9,10
tt10669990,7.2,10
tt10670086,6,26
tt10670168,7.1,11
tt10670454,8.5,15
tt10670456,8.5,15
tt10670592,6.8,7
tt10670700,2.6,12
tt10670890,2.6,25
tt10671698,8.7,11
tt10671806,7.3,148
tt10672016,7.8,14
tt10672378,7.6,22
tt10672438,7.2,21
tt10672618,7.2,9
tt10672854,4.4,18
tt10673280,8.3,9
tt10673758,7.8,5
tt10674032,6.8,17
tt10674586,6.3,13
tt10674716,6.3,18
tt10675284,7.5,32
tt10675920,5.6,27
tt10676080,6.1,9
tt10678246,6.4,6
tt10679698,6.8,12
tt10679704,6.8,11
tt10679710,7.2,11
tt10679722,6.5,11
tt10679728,7.4,11
tt10679732,7.4,10
tt10679738,7.2,9
tt10679740,7.1,9
tt10679742,7.2,9
tt10679744,7.4,9
tt10679748,7.1,9
tt10679750,7.1,9
tt10680002,9,6
tt10680038,7.6,6
tt10680062,7,14
tt10680108,8.6,15
tt10680836,7.3,11
tt10681664,6.7,36
tt10681756,8.6,5
tt10682318,4.4,135
tt10683490,6,9
tt10683492,6.1,7
tt10683526,6,7
tt10683538,5.7,7
tt10683558,6.1,7
tt10683582,6.1,7
tt10683644,6.1,7
tt10683654,6,7
tt10683676,6,7
tt10683704,5.7,7
tt10684866,6.1,7
tt10684910,5.9,9
tt10685522,8,18
tt10685720,6.7,18
tt10686202,6.1,18
tt10686210,7.2,16
tt10686216,7.2,17
tt10686470,5.1,10
tt10687484,9.2,5
tt10687624,6.8,104
tt10689248,6.1,22
tt10690666,8.3,41
tt10690676,6.2,343
tt10691944,7.7,9
tt10692158,7.4,9
tt10692816,1,12
tt10695104,6.5,11
tt10695686,2.5,7
tt10695708,2.5,7
tt10695770,8.5,468
tt10697566,9.4,14
tt10697654,8,5
tt10697712,7.6,13
tt10697822,8.2,20
tt10698518,4.8,25
tt10698528,7.4,25
tt10698664,7.8,12
tt10698668,4.3,22
tt10698744,8.8,6
tt10698916,8.7,13
tt10699070,9.1,56
tt10699074,8.3,41
tt10699076,8.9,45
tt10699132,8,23
tt10699134,8.6,43
tt10699140,8.2,42
tt10699148,8.8,54
tt10699196,8.3,42
tt10699246,8.8,43
tt10699532,8.5,9
tt10700818,8.2,23
tt10701160,9,14
tt10701410,6.5,12
tt10701460,7.8,6
tt10701720,8,16
tt10701822,7,11
tt10702862,9.3,13
tt10703278,2.9,23
tt10703438,7.8,11
tt10703902,6.6,16
tt10704680,6.8,5
tt10704734,7.2,5
tt10704778,7.2,5
tt10704794,7.2,5
tt10704836,6.8,5
tt10705008,5.2,5
tt10706662,6.7,11
tt10706734,6.9,12
tt10706924,9,5
tt10707106,7,146
tt10707170,7,6
tt10708162,8.6,449
tt10709066,8.6,17
tt10709290,7.8,5
tt10709388,7.9,25
tt10709628,9.3,1171
tt10711014,6.8,17
tt10711046,6.1,44
tt10712600,8,17
tt10712720,8,16
tt10713244,8.5,45
tt10713248,8.7,42
tt10714766,6.9,8
tt10715254,7.2,104
tt10716888,9.4,7
tt10717108,9.1,9
tt10717934,7.2,16
tt10718072,8.5,6
tt10718074,9.9,13
tt10718774,5.3,6
tt10719944,5.6,32
tt10720222,8.2,11
tt10720706,8.5,66
tt10720862,7,9
tt10722542,5.5,35
tt10724358,4.5,11
tt10724448,7.3,13
tt10725330,6.8,12
tt10725374,7.7,7
tt10725718,8.5,6
tt10726456,6.5,59
tt10727042,6.8,51
tt10727144,5.6,9
tt10727166,6,20
tt10727172,6.3,18
tt10727174,5.9,19
tt10727178,5.9,20
tt10727180,6.5,18
tt10727182,6.3,17
tt10727186,6.5,17
tt10727190,6.1,17
tt10727192,6.4,17
tt10727196,6,8
tt10727200,6.1,17
tt10727208,5.7,18
tt1072748,5.4,35096
tt10727586,6.8,11
tt10728262,9.6,6
tt10729300,9.4,9
tt10729304,9.5,8
tt10729308,4,6
tt10730128,4.9,16
tt10731318,8.5,84
tt10731470,6.3,13
tt10731742,7,7
tt10731744,9.1,12
tt10731746,8.2,8
tt10731750,8.2,7
tt10731752,6.4,9
tt10731754,8.4,7
tt10731760,8.2,7
tt10731762,7,7
tt10732028,8.1,7
tt10732424,4,6
tt10732426,3.8,6
tt10732432,3.8,6
tt10732438,4,6
tt10732660,4.4,7
tt1073277,7.5,9
tt10734830,7.4,7
tt10736010,9.4,5
tt10736376,4.2,7
tt10736506,6.9,227
tt10736894,6.2,14
tt10737910,7.6,7
tt10737912,6.8,6
tt10737914,7.4,9
tt10737916,6.7,10
tt10737920,7.2,6
tt10737924,7.3,6
tt10737928,7.6,7
tt10737932,7.4,5
tt10738058,9.4,34
tt10738144,2.8,44
tt10738672,4.7,6
tt10738880,7.8,9
tt10738936,7.8,5
tt10739102,7.7,56
tt10739144,9.3,98
tt10739188,7.4,10
tt10739326,8.1,10
tt10739350,7.3,12
tt10740044,5.9,17
tt10740954,5.1,25
tt10741426,5.3,7
tt10741546,4.3,24
tt10741910,7.7,9
tt10742800,9,813
tt10743156,5.8,44
tt10745584,8.2,6
tt10745818,7.8,19
tt10745822,7.4,16
tt10745862,6.3,13
tt10745864,6.1,14
tt10745868,6,15
tt10745870,6.2,11
tt10746228,7,18
tt10746654,6.2,8
tt10746674,2.9,28
tt10746744,7.2,9
tt10747334,5.6,21
tt10749670,8.4,30
tt10750060,8,25
tt10750092,7.1,7
tt10750096,7,5
tt10750100,7.4,5
tt10750106,7,5
tt10750110,7,5
tt10750144,8,5
tt10750160,7.6,5
tt10750168,7.8,5
